{
    "contacts" : [
        {
            "id" : "AA@123",
            "name" : "Sam",
            "photo" : "https://www.flaticon.com/free-icon/user_219983",
            "mobile" : "1212121212",
            "email" : "abc@gmail.com",
            "branch" : "Web Development",
            "title" : "UI Develoveloper",
            "district" : "1"
        },
        {
            "id" : "AA@124",
            "name" : "Gibs",
            "photo" : "https://www.flaticon.com/free-icon/user_219983",
            "mobile" : "1212121345",
            "email" : "bbc@gmail.com",
            "branch" : "Web Development",
            "title" : "UI Designer",
            "district" : "2"
        },
        {
            "id" : "AA@125",
            "name" : "Paul",
            "photo" : "https://www.flaticon.com/free-icon/user_219983",
            "mobile" : "3051921212",
            "email" : "abc123@gmail.com",
            "branch" : "SEO",
            "title" : "Project Manager",
            "district" : "3"
        },
        {
            "id" : "AA@126",
            "name" : "Anna",
            "photo" : "https://www.flaticon.com/free-icon/user_219983",
            "mobile" : "1251231212",
            "email" : "Salc@gmail.com",
            "branch" : "Marketing",
            "title" : "UI Develoveloper",
            "district" : "4"
        }
    ],
    "districts" : [
        {
            "id" : "1",
            "name" : "Khordha"
        },
        {
            "id" : "2",
            "name" : "Bargarh"
        },
        {
            "id" : "3",
            "name" : "Puri"
        },
        {
            "id" : "4",
            "name" : "Cuttack"
        },
        {
            "id" : "5",
            "name" : "Jajpur"
        },
        {
            "id" : "6",
            "name" : "Jagatsingpur"
        },
        {
            "id" : "7",
            "name" : "Kendrapara"
        },
        {
            "id" : "8",
            "name" : "Nayagarh"
        }
    ]
}